{
  "baseline_rmse": 37.224214867474664,
  "variants": [
    {
      "variant": "baseline",
      "epsilon": Infinity,
      "delta": 1e-05,
      "noise_multiplier": 0.0,
      "clip_norm": 1.0,
      "rmse": 37.224214867474664,
      "baseline": true,
      "utility_delta": 0.0,
      "guardrail_pass": true
    },
    {
      "variant": "epsilon_5",
      "epsilon": 191.50774312254023,
      "delta": 1e-05,
      "noise_multiplier": 0.8,
      "clip_norm": 1.0,
      "rmse": 34.77529972794385,
      "baseline": false,
      "utility_delta": -0.0657882281264875,
      "guardrail_pass": true
    },
    {
      "variant": "epsilon_2",
      "epsilon": 127.67182874836017,
      "delta": 1e-05,
      "noise_multiplier": 1.2,
      "clip_norm": 1.0,
      "rmse": 36.83646976208677,
      "baseline": false,
      "utility_delta": -0.010416475049059858,
      "guardrail_pass": true
    },
    {
      "variant": "epsilon_1",
      "epsilon": 76.6030972490161,
      "delta": 1e-05,
      "noise_multiplier": 2.0,
      "clip_norm": 1.0,
      "rmse": 36.6048446022386,
      "baseline": false,
      "utility_delta": -0.016638907427359878,
      "guardrail_pass": true
    }
  ],
  "selected_variant": {
    "variant": "epsilon_1",
    "epsilon": 76.6030972490161,
    "delta": 1e-05,
    "noise_multiplier": 2.0,
    "clip_norm": 1.0,
    "rmse": 36.6048446022386,
    "baseline": false,
    "utility_delta": -0.016638907427359878,
    "guardrail_pass": true
  }
}